<?xml version="1.0" encoding="utf-8"?>
<Config_Main xmlns:xsi="http://www.w3.org/2001/XMLSchema-instance" xmlns:xsd="http://www.w3.org/2001/XMLSchema">
  <General_Settings_Mod_Enabled>true</General_Settings_Mod_Enabled>
  <General_Settings_Mod_Notifications_Enabled>true</General_Settings_Mod_Notifications_Enabled>
  <General_Settings_Debug_Enabled>false</General_Settings_Debug_Enabled>
  <General_Settings_KMH_or_MPH>KMH</General_Settings_KMH_or_MPH>
  <General_Settings_Check_Update_Enabled>true</General_Settings_Check_Update_Enabled>
  <General_Settings_Check_Update_Interval>60</General_Settings_Check_Update_Interval>
  <System_Arrest_Enabled>true</System_Arrest_Enabled>
  <System_Arrest_Enabled_While_Mission>false</System_Arrest_Enabled_While_Mission>
  <System_Arrest_ArrestType>HandsUp</System_Arrest_ArrestType>
  <System_Arrest_Slow_Motion>true</System_Arrest_Slow_Motion>
  <System_Arrest_Decision_Time_Limit>10</System_Arrest_Decision_Time_Limit>
  <System_Arrest_Bribe_Cost>1000</System_Arrest_Bribe_Cost>
  <System_Police_Enabled>true</System_Police_Enabled>
  <System_Police_Enabled_While_Mission>false</System_Police_Enabled_While_Mission>
  <System_Police_Distance_Without_Cops>400</System_Police_Distance_Without_Cops>
  <System_Police_Distance_To_Spawn_Cops>200</System_Police_Distance_To_Spawn_Cops>
  <System_Reaction_Enabled>true</System_Reaction_Enabled>
  <System_Reaction_Enabled_While_Mission>false</System_Reaction_Enabled_While_Mission>
  <System_Reaction_Min_Distance_LookAt>20</System_Reaction_Min_Distance_LookAt>
  <System_Reaction_Min_Distance_React>15</System_Reaction_Min_Distance_React>
  <System_Reputation_Enabled>false</System_Reputation_Enabled>
  <System_Reputation_Enabled_While_Mission>false</System_Reputation_Enabled_While_Mission>
  <System_Reputation_Franklin_Reputation>0</System_Reputation_Franklin_Reputation>
  <System_Reputation_Michael_Reputation>0</System_Reputation_Michael_Reputation>
  <System_Reputation_Trevor_Reputation>0</System_Reputation_Trevor_Reputation>
  <System_Felony_Enabled>true</System_Felony_Enabled>
  <System_Felony_Enabled_While_Mission>false</System_Felony_Enabled_While_Mission>
  <System_Felony_Cops_View_Distance>35</System_Felony_Cops_View_Distance>
  <System_Felony_Speed_Limit>100</System_Felony_Speed_Limit>
  <System_Felony_Speeding_Enabled>true</System_Felony_Speeding_Enabled>
  <System_Felony_Speeding_Tolerance>7</System_Felony_Speeding_Tolerance>
  <System_Felony_HitVehicle_Enabled>true</System_Felony_HitVehicle_Enabled>
  <System_Felony_HitVehicle_Minimum_Speed>25</System_Felony_HitVehicle_Minimum_Speed>
  <System_Felony_Pavement_Enabled>true</System_Felony_Pavement_Enabled>
  <System_Felony_Pavement_Tolerance>7</System_Felony_Pavement_Tolerance>
  <System_Felony_AgainstTraffic_Enabled>true</System_Felony_AgainstTraffic_Enabled>
  <System_Felony_AgainstTraffic_Tolerance>7</System_Felony_AgainstTraffic_Tolerance>
  <System_Reflexe_Enabled>true</System_Reflexe_Enabled>
  <System_Reflexe_Enabled_While_Mission>false</System_Reflexe_Enabled_While_Mission>
  <System_Reflexe_Aiming_On_Foot_Scale>0.65</System_Reflexe_Aiming_On_Foot_Scale>
  <System_Reflexe_Aiming_On_Cover_Scale>0.6</System_Reflexe_Aiming_On_Cover_Scale>
  <System_Reflexe_Aiming_In_Vehicle_Scale>0.6</System_Reflexe_Aiming_In_Vehicle_Scale>
  <System_Reflexe_Death_Arrested_Scale>0.1</System_Reflexe_Death_Arrested_Scale>
  <System_Reflexe_ScreenFX_Enabled>true</System_Reflexe_ScreenFX_Enabled>
  <System_Reflexe_SoundFX_Enabled>true</System_Reflexe_SoundFX_Enabled>
  <System_Time_Enabled>false</System_Time_Enabled>
  <System_Time_Enabled_While_Mission>false</System_Time_Enabled_While_Mission>
</Config_Main>