<?xml version="1.0" encoding="utf-8"?>
<ModSettings xmlns:xsd="http://www.w3.org/2001/XMLSchema" xmlns:xsi="http://www.w3.org/2001/XMLSchema-instance">
  <Mod_Enabled>true</Mod_Enabled>
  <ModLoaded_Message_Enabled>true</ModLoaded_Message_Enabled>
  <Notification_Enabled>true</Notification_Enabled>
  <ViewFelonyWhenCommited>true</ViewFelonyWhenCommited>
  <Cop_FieldOfView>135</Cop_FieldOfView>
  <Cop_View_Distance>40</Cop_View_Distance>
  <HitPedFelony_Enabled>true</HitPedFelony_Enabled>
  <HitPedFelony_WantedStar>1</HitPedFelony_WantedStar>
  <HitVehicleFelony_Enabled>true</HitVehicleFelony_Enabled>
  <HitVehicleFelony_WantedStar>1</HitVehicleFelony_WantedStar>
  <DrivingOnPavement_Enabled>true</DrivingOnPavement_Enabled>
  <DrivingOnPavement_WantedStar>1</DrivingOnPavement_WantedStar>
  <DrivingAgainstTraffic_Enabled>true</DrivingAgainstTraffic_Enabled>
  <DrivingAgainstTraffic_WantedStar>1</DrivingAgainstTraffic_WantedStar>
  <AimingInCar_Enabled>true</AimingInCar_Enabled>
  <AimingInCar_WantedStar>1</AimingInCar_WantedStar>
  <Speeding_Enabled>true</Speeding_Enabled>
  <Speeding_SpeedLimit_MPH>62</Speeding_SpeedLimit_MPH>
  <Speeding_WantedStar>1</Speeding_WantedStar>
  <HitPedFelony_Text>You were caught hitting pedestrian(s)!</HitPedFelony_Text>
  <HitVehicleFelony_Text>You were caught hitting vehicle(s)!</HitVehicleFelony_Text>
  <DrivingOnPavement_Text>You were caught driving on pavement!</DrivingOnPavement_Text>
  <DrivingAgainstTraffic_Text>You were caught driving agains't traffic!</DrivingAgainstTraffic_Text>
  <AimingInCar_Text>You were caught armed!</AimingInCar_Text>
  <Speeding_Text>You were caught speeding!</Speeding_Text>
</ModSettings>